Date,_VNI30,SET100
02/01/2013,491.34,2102.1
03/01/2013,498.31,2100.76
04/01/2013,498.31,2113.22
07/01/2013,525.36,2109.78
08/01/2013,531.52,2112.63
09/01/2013,545.8,2121.4
10/01/2013,545.72,2093.41
11/01/2013,545.72,2101.65
14/01/2013,542.73,2119.65
15/01/2013,546.34,2113.62
16/01/2013,537.75,2099.53
17/01/2013,534.97,2105.94
18/01/2013,534.97,2128.14
21/01/2013,521.19,2136.39
22/01/2013,521.92,2129.37
23/01/2013,532.11,2139.98
24/01/2013,547.31,2153.09
25/01/2013,547.31,2171.14
28/01/2013,569.6,2186.88
29/01/2013,572.76,2196.93
30/01/2013,564.01,2216.98
31/01/2013,566.09,2191.53
01/02/2013,566.09,2230.15
04/02/2013,556.83,2240.16
05/02/2013,570.03,2238.38
06/02/2013,571.59,2226.73
07/02/2013,574.18,2225.15
08/02/2013,574.18,2218.54
11/02/2013,574.18,2201.05
12/02/2013,574.18,2197.9
13/02/2013,574.18,2241.46
14/02/2013,574.18,2260.74
15/02/2013,574.18,2248.58
18/02/2013,570.22,2247.69
19/02/2013,572.38,2261.3
20/02/2013,550.42,2282.65
21/02/2013,551.33,2252.8
22/02/2013,551.33,2271.18
26/02/2013,535.86,2253.73
27/02/2013,545.68,2232.54
28/02/2013,547.7,2271.97
01/03/2013,547.7,2270.21
04/03/2013,528.29,2273.03
05/03/2013,539.08,2283.92
06/03/2013,533.69,2297.01
07/03/2013,540.01,2295.48
08/03/2013,540.01,2303.96
11/03/2013,550.22,2318.59
12/03/2013,547.63,2319.19
13/03/2013,542.94,2321.87
14/03/2013,546.15,2332.58
15/03/2013,553.33,2349.15
18/03/2013,548.72,2339.45
19/03/2013,547.22,2309.67
20/03/2013,551.15,2273.98
21/03/2013,559.39,2254.83
22/03/2013,554.84,2184.39
25/03/2013,561.81,2247.12
26/03/2013,557.17,2277.53
27/03/2013,554.83,2300.86
28/03/2013,551.92,2275.59
29/03/2013,552.28,2299.39
01/04/2013,566.98,2280.38
02/04/2013,573.5,2286.35
03/04/2013,569.33,2243.51
04/04/2013,564.39,2256.63
05/04/2013,570.2,2193.89
09/04/2013,575.93,2166.94
10/04/2013,558.37,2198.34
11/04/2013,565.76,2239.04
12/04/2013,557.77,2253.15
17/04/2013,543.99,2245.22
18/04/2013,532.44,2256.75
19/04/2013,532.44,2280.67
22/04/2013,527.63,2302.27
23/04/2013,532.24,2286.09
24/04/2013,531.69,2293.9
25/04/2013,537.23,2327.27
26/04/2013,537.37,2340.01
29/04/2013,537.37,2342.73
30/04/2013,537.37,2362.23
02/05/2013,536.25,2348.8
03/05/2013,539.33,2332.33
07/05/2013,549.57,2370.81
08/05/2013,549.74,2393.12
09/05/2013,552.53,2403.42
10/05/2013,551.81,2402.69
13/05/2013,554.38,2393.89
14/05/2013,548.27,2401.65
15/05/2013,551.81,2413.73
16/05/2013,556.01,2394.79
17/05/2013,553.51,2410.69
20/05/2013,558.79,2436.81
21/05/2013,566.46,2435.04
22/05/2013,567.79,2414.84
23/05/2013,561.79,2376.15
27/05/2013,574.82,2351.71
28/05/2013,577.4,2393.77
29/05/2013,579.33,2364.2
30/05/2013,584.7,2332.33
31/05/2013,581.95,2299.63
03/06/2013,580.89,2267.5
04/06/2013,574.95,2296.07
05/06/2013,577.28,2243.69
06/06/2013,582.92,2200.97
07/06/2013,588.21,2242.25
10/06/2013,584.11,2259.4
11/06/2013,581.15,2143.64
12/06/2013,575.39,2117.09
13/06/2013,571.79,2080.92
14/06/2013,562.97,2173.34
17/06/2013,552.73,2180.98
18/06/2013,552.87,2110.57
19/06/2013,556.73,2129.11
20/06/2013,555.01,2075.02
21/06/2013,553.57,2078.14
24/06/2013,546.56,2023.57
25/06/2013,530.46,2060.76
26/06/2013,529.88,2122.79
27/06/2013,539.89,2159.46
28/06/2013,538.54,2167.21
02/07/2013,544.98,2186.91
03/07/2013,543.95,2153.91
04/07/2013,543.66,2133.8
05/07/2013,543.38,2151.25
08/07/2013,539.92,2092.87
09/07/2013,541.53,2083.99
10/07/2013,538.97,2073.84
11/07/2013,539.51,2168.9
12/07/2013,548.27,2177
15/07/2013,548.6,2176.68
16/07/2013,549.75,2169.62
17/07/2013,551.38,2180.38
18/07/2013,550.67,2225.2
19/07/2013,556.56,2214.95
23/07/2013,556.79,2265.48
24/07/2013,548.24,2244.73
25/07/2013,544.15,2174.18
26/07/2013,544.88,2207.59
29/07/2013,537.42,2170.57
30/07/2013,541.78,2139.84
31/07/2013,542.52,2122.9
01/08/2013,543.56,2147.73
02/08/2013,545.59,2123.31
05/08/2013,546.18,2129.24
06/08/2013,549.45,2137.83
07/08/2013,553.29,2137.4
08/08/2013,550.07,2164.91
09/08/2013,552.27,2138.28
13/08/2013,550.36,2182.41
14/08/2013,554.34,2187.27
15/08/2013,559.07,2175.27
16/08/2013,559.16,2162.95
19/08/2013,561.62,2088.73
20/08/2013,557.52,2049.53
21/08/2013,555.93,2022.38
22/08/2013,549.54,2021.84
23/08/2013,542.08,1998.7
26/08/2013,543.38,1985.83
27/08/2013,539.97,1937.48
28/08/2013,528.62,1911.71
29/08/2013,523.51,1937.66
30/08/2013,531.23,1936.33
02/09/2013,531.23,1982.74
03/09/2013,527.92,1970.57
04/09/2013,525.66,1950.62
05/09/2013,531.71,1968.32
06/09/2013,534.8,2004.89
09/09/2013,524.17,2085.67
10/09/2013,530.19,2099.72
11/09/2013,531.91,2128.37
12/09/2013,531.17,2102.62
13/09/2013,531.21,2105.58
16/09/2013,531.21,2176.59
17/09/2013,531.21,2174.39
18/09/2013,531.21,2163.38
19/09/2013,531.21,2244.11
20/09/2013,537.57,2240.06
23/09/2013,540.25,2161.9
24/09/2013,543.23,2131.25
25/09/2013,545.83,2163.16
26/09/2013,545.83,2141.63
27/09/2013,545.49,2129.37
30/09/2013,551.56,2072.72
01/10/2013,549.63,2113.81
02/10/2013,552.73,2114.24
03/10/2013,549.58,2148.36
04/10/2013,552.07,2144.63
07/10/2013,557.54,2122.65
08/10/2013,558.55,2155.63
09/10/2013,556.72,2156.73
10/10/2013,551.86,2186.14
11/10/2013,552.16,2195.38
14/10/2013,551.48,2197.89
15/10/2013,553.9,2218.8
16/10/2013,557.15,2204.63
17/10/2013,557.79,2211.86
18/10/2013,559.38,2236.99
21/10/2013,561.3,2178.48
22/10/2013,560.36,2191.47
24/10/2013,562.02,2206.41
25/10/2013,560.57,2186.58
28/10/2013,555.95,2179.01
29/10/2013,556.15,2188.66
30/10/2013,557.23,2152.06
31/10/2013,555.56,2172.84
01/11/2013,554.73,2150.65
04/11/2013,554.97,2087.33
05/11/2013,557.72,2128.46
06/11/2013,561.93,2161.47
07/11/2013,559.12,2145.33
08/11/2013,556.78,2112.24
11/11/2013,559.32,2114.82
12/11/2013,555.11,2123.94
13/11/2013,553.09,2107.51
14/11/2013,555.73,2125.7
15/11/2013,559.75,2135
18/11/2013,565.36,2140.83
19/11/2013,564.89,2122.27
20/11/2013,566.44,2109.76
21/11/2013,563.45,2064
22/11/2013,566.28,2035.3
25/11/2013,567.42,2026.15
26/11/2013,568.85,2035.33
27/11/2013,568.33,2058.4
28/11/2013,570.56,2036.18
29/11/2013,569.06,2055.41
02/12/2013,568.87,2061.23
03/12/2013,571.71,2076.21
04/12/2013,570.91,2062.7
06/12/2013,570.11,2038.9
09/12/2013,573.21,2049.47
11/12/2013,565.69,2052.19
12/12/2013,567.4,2029.29
13/12/2013,566.47,2002.88
16/12/2013,560.93,1983.22
17/12/2013,565.94,1997.98
18/12/2013,566.27,2019.22
19/12/2013,565.52,2013.16
20/12/2013,560.68,2006.71
23/12/2013,565.98,1979.53
24/12/2013,562.85,1980.62
25/12/2013,561.18,1989.94
26/12/2013,562.45,1950.66
27/12/2013,562.28,1933.11
02/01/2014,562,1823
03/01/2014,562.8,1814.62
06/01/2014,566.3,1829.31
07/01/2014,568.15,1880.87
08/01/2014,573.11,1874.7
09/01/2014,577.19,1875.23
10/01/2014,576.16,1871.11
13/01/2014,576.61,1919.2
14/01/2014,580.59,1937.91
15/01/2014,583.07,1904.73
16/01/2014,589.46,1943.52
17/01/2014,605.5,1933.51
20/01/2014,620.69,1923.08
21/01/2014,634.08,1927.9
22/01/2014,626.04,1924.38
23/01/2014,626.62,1954.62
24/01/2014,627.91,1965.24
27/01/2014,624.7,1921.14
28/01/2014,624.7,1892.16
29/01/2014,624.7,1889.66
30/01/2014,624.7,1876.76
31/01/2014,624.7,1895.39
03/02/2014,624.7,1925.37
04/02/2014,624.7,1896.02
05/02/2014,622.31,1901.4
06/02/2014,626.31,1926.01
07/02/2014,622.82,1928.51
10/02/2014,631.42,1918.16
11/02/2014,627.4,1927.49
12/02/2014,637.79,1956.67
13/02/2014,641.73,1952.45
17/02/2014,638.8,1987.48
18/02/2014,645.6,1976.7
19/02/2014,650.43,1967.19
20/02/2014,638.7,1937.36
21/02/2014,639.37,1937.09
24/02/2014,648.49,1932.56
25/02/2014,661.53,1936.67
26/02/2014,667.91,1938.03
27/02/2014,662.74,1961.02
28/02/2014,663.81,1973.69
03/03/2014,643.95,1996.49
04/03/2014,638.79,2006.17
05/03/2014,645.76,2014.88
06/03/2014,648.62,2013.14
07/03/2014,651.46,2016.64
10/03/2014,655.8,2005.96
11/03/2014,661.61,2031.51
12/03/2014,663.84,2017.48
13/03/2014,669.21,2040.48
14/03/2014,668.39,2040.07
17/03/2014,672.15,2048.13
18/03/2014,673.68,2042.44
19/03/2014,681.94,2028.76
20/03/2014,676.08,2023.68
21/03/2014,679.98,2021.88
24/03/2014,689.32,2005.26
25/03/2014,682.75,2014.13
26/03/2014,664.87,2024.56
27/03/2014,669.89,2018.1
28/03/2014,676.31,2040.85
31/03/2014,670.43,2053.06
01/04/2014,660.13,2072.36
02/04/2014,658.01,2087.48
03/04/2014,664.88,2078.18
04/04/2014,667.33,2079
08/04/2014,672.06,2057.55
09/04/2014,672.06,2061.2
10/04/2014,670.06,2073.87
11/04/2014,665.85,2072.61
16/04/2014,634.76,2092.85
17/04/2014,642.48,2103.98
18/04/2014,621.13,2104.15
21/04/2014,613.67,2109.54
22/04/2014,630.88,2112.5
23/04/2014,629.78,2124.67
24/04/2014,629.16,2121.74
25/04/2014,636.35,2096.29
28/04/2014,628.9,2102.19
29/04/2014,632.1,2102.21
30/04/2014,632.1,2108.13
02/05/2014,632.1,2118.7
06/05/2014,605.2,2091.21
07/05/2014,609.51,2088.47
08/05/2014,575.31,2051.21
09/05/2014,587.91,2049.59
12/05/2014,563.3,2044.56
14/05/2014,581.83,2075.84
15/05/2014,575.53,2074.8
16/05/2014,581.93,2092.57
19/05/2014,589.31,2100.98
20/05/2014,590.27,2073.87
21/05/2014,596.82,2084.57
22/05/2014,592.75,2086.19
23/05/2014,594.35,2071.74
26/05/2014,596.24,2057.61
27/05/2014,605.87,2061.71
28/05/2014,614.88,2078.15
29/05/2014,615.01,2086.83
30/05/2014,618,2096.24
02/06/2014,610.99,2139.15
03/06/2014,612.49,2161.49
04/06/2014,603.83,2152.8
05/06/2014,601.6,2157.83
06/06/2014,608.48,2166.64
09/06/2014,610.92,2163.19
10/06/2014,608.59,2181.68
11/06/2014,615.52,2171.88
12/06/2014,616.11,2160.15
13/06/2014,617.73,2157.02
16/06/2014,618.62,2182.41
17/06/2014,620.61,2178.35
18/06/2014,618.61,2147.4
19/06/2014,613.82,2163.03
20/06/2014,607.23,2170.5
23/06/2014,609.99,2173.54
24/06/2014,612.54,2160.77
25/06/2014,618.1,2173.66
26/06/2014,619.91,2188.49
27/06/2014,616.85,2198.72
30/06/2014,615.06,2201.83
02/07/2014,620.2,2209.66
03/07/2014,627.17,2210.2
04/07/2014,631.02,2213.34
07/07/2014,636.75,2224.66
08/07/2014,636.21,2233.84
09/07/2014,636.64,2233.42
10/07/2014,628.78,2250.83
14/07/2014,632.54,2268.6
15/07/2014,636.09,2261.14
16/07/2014,637.13,2269.23
17/07/2014,636.3,2277.15
18/07/2014,645.52,2272.55
21/07/2014,645.33,2278.56
22/07/2014,641.95,2251.39
23/07/2014,640.84,2284.98
24/07/2014,646.64,2287.96
25/07/2014,641.96,2286.65
28/07/2014,630.3,2277.51
29/07/2014,633.58,2252.38
30/07/2014,629.07,2253.07
31/07/2014,637.04,2225.06
01/08/2014,635.01,2221.02
04/08/2014,638.98,2253.56
05/08/2014,643.56,2267.99
06/08/2014,644,2257.63
07/08/2014,644.19,2258.43
08/08/2014,641.93,2252.99
13/08/2014,645.17,2296.32
14/08/2014,649.85,2291.36
15/08/2014,645.13,2297.64
18/08/2014,647,2288.28
19/08/2014,645.46,2289.28
20/08/2014,645.44,2302.65
21/08/2014,649.94,2301.83
22/08/2014,654.96,2308.42
25/08/2014,661.76,2318.07
26/08/2014,668.25,2313
27/08/2014,667.9,2320.21
28/08/2014,668.96,2310.34
29/08/2014,676.82,2313.24
01/09/2014,676.82,2318.24
02/09/2014,676.82,2323.01
03/09/2014,678.9,2347.99
04/09/2014,678.59,2341.98
05/09/2014,677.62,2348.96
08/09/2014,678.83,2348.78
09/09/2014,664.65,2346.7
10/09/2014,666.42,2344.59
11/09/2014,665.09,2340.99
12/09/2014,669.78,2340.99
15/09/2014,668.42,2335.83
16/09/2014,666.66,2314.64
17/09/2014,665.66,2324.46
18/09/2014,659.63,2345.56
19/09/2014,654.54,2347.19
22/09/2014,653.19,2354.28
23/09/2014,658.31,2356.6
24/09/2014,655.14,2358.15
25/09/2014,653.39,2358.54
26/09/2014,649.63,2370.13
29/09/2014,642.98,2343.98
30/09/2014,644.25,2344.78
01/10/2014,655.06,2346.58
02/10/2014,659.64,2320.45
03/10/2014,659.25,2320.05
06/10/2014,662.43,2280.6
07/10/2014,659.16,2276.1
08/10/2014,658.98,2279.25
09/10/2014,657.11,2307.37
10/10/2014,651.72,2292.38
13/10/2014,651.07,2272.29
14/10/2014,641.13,2280.19
15/10/2014,641.63,2278.29
16/10/2014,623.76,2246.09
17/10/2014,624.77,2251.72
20/10/2014,628.09,2248.89
21/10/2014,633.81,2247.41
22/10/2014,637.85,2256.35
24/10/2014,629.52,2266
27/10/2014,615.15,2276.79
28/10/2014,618.99,2289.12
29/10/2014,628.1,2296.56
30/10/2014,627.21,2300.35
31/10/2014,638.78,2333.46
03/11/2014,644.64,2327.6
04/11/2014,639.91,2338.08
05/11/2014,637.68,2324.34
06/11/2014,637.56,2330.13
07/11/2014,642.77,2325.65
10/11/2014,642.9,2307.16
11/11/2014,642.02,2315.89
12/11/2014,641.89,2304.69
13/11/2014,638.87,2330.19
14/11/2014,637.9,2324.73
17/11/2014,637.21,2313.02
18/11/2014,627.84,2335.39
19/11/2014,623.66,2329.64
20/11/2014,628.8,2314.71
21/11/2014,623.74,2334.8
24/11/2014,616.39,2352.8
25/11/2014,623.23,2367.11
26/11/2014,616.48,2362.83
27/11/2014,615.57,2375.29
28/11/2014,611.15,2365.39
01/12/2014,614.44,2364.85
02/12/2014,613.57,2365.73
03/12/2014,619.29,2365.37
04/12/2014,624.31,2369.78
08/12/2014,619.87,2335.05
09/12/2014,603.85,2304.88
11/12/2014,604.8,2254.02
12/12/2014,609.33,2230.89
15/12/2014,603.92,2185.67
16/12/2014,591.78,2151.35
17/12/2014,569.71,2181.12
18/12/2014,578.88,2242.28
19/12/2014,570.61,2237.38
22/12/2014,587.56,2274.84
23/12/2014,589.61,2263.71
24/12/2014,591.19,2256.16
25/12/2014,585.19,2222.38
26/12/2014,582.45,2233.06
29/12/2014,583.36,2213.1
30/12/2014,591.18,2212.63
05/01/2015,599.69,2184.8
06/01/2015,606.37,2172.92
07/01/2015,607.65,2211.95
08/01/2015,606.85,2246.2
09/01/2015,618.41,2256.59
12/01/2015,615.73,2259.06
13/01/2015,619.39,2262.87
14/01/2015,616.84,2242.95
15/01/2015,617.62,2241.16
16/01/2015,614.72,2231.12
19/01/2015,611.64,2261.05
20/01/2015,609.19,2258.84
21/01/2015,606.53,2259.92
22/01/2015,610.31,2301.97
23/01/2015,615.16,2371.13
26/01/2015,612.64,2351.23
27/01/2015,609.98,2349.92
28/01/2015,613.53,2352.75
29/01/2015,613.9,2340.88
30/01/2015,606.54,2330.25
02/02/2015,598.46,2332.3
03/02/2015,585.47,2368.65
04/02/2015,588.83,2361.21
05/02/2015,591.28,2373.73
06/02/2015,595.69,2382.15
09/02/2015,594.77,2361.39
10/02/2015,595.53,2348.48
11/02/2015,607.33,2364.8
12/02/2015,613.36,2378.64
13/02/2015,617.2,2380.95
16/02/2015,617.2,2367.42
17/02/2015,617.2,2335.6
18/02/2015,617.2,2360.74
19/02/2015,617.2,2352.19
20/02/2015,617.2,2356.59
23/02/2015,617.2,2339.69
24/02/2015,624.17,2348.02
25/02/2015,619.44,2332.57
26/02/2015,623.84,2342.42
27/02/2015,618.39,2326.59
02/03/2015,617.05,2319.65
03/03/2015,627.27,2292.33
05/03/2015,625.25,2276.35
06/03/2015,622.75,2300.79
09/03/2015,620.88,2286.74
10/03/2015,621.1,2239.07
11/03/2015,619.27,2261.32
12/03/2015,620.24,2259.07
13/03/2015,616.94,2255.77
16/03/2015,610.63,2218.43
17/03/2015,611.24,2217.5
18/03/2015,607.18,2248.01
19/03/2015,601.31,2249.93
20/03/2015,603.76,2248.27
23/03/2015,598.07,2234.73
24/03/2015,593.8,2231.26
25/03/2015,590.17,2227.2
26/03/2015,586.7,2202.58
27/03/2015,583.02,2202.41
30/03/2015,576.6,2203.81
31/03/2015,579.97,2215.4
01/04/2015,569.48,2245.91
02/04/2015,576.13,2256.22
03/04/2015,577.66,2260.92
07/04/2015,577.69,2283.57
08/04/2015,575.94,2274.84
09/04/2015,578.35,2274.22
10/04/2015,583.34,2278.68
16/04/2015,595.09,2317.6
17/04/2015,599.12,2310.24
20/04/2015,595.82,2297.63
21/04/2015,593.67,2313.5
22/04/2015,594,2281.62
23/04/2015,592.71,2268.97
24/04/2015,596.1,2287.72
27/04/2015,593.15,2276.9
28/04/2015,593.15,2249.51
29/04/2015,593.15,2231.98
30/04/2015,593.15,2238.28
06/05/2015,579.39,2230.73
07/05/2015,582.4,2199.45
08/05/2015,582.91,2221.31
11/05/2015,579.41,2209.22
12/05/2015,571,2186.41
13/05/2015,569.28,2203.76
14/05/2015,569.89,2202.61
15/05/2015,561.87,2225.63
18/05/2015,552.9,2221.98
19/05/2015,556.44,2246.81
20/05/2015,572.34,2231.78
21/05/2015,578.64,2242.76
22/05/2015,586.58,2236.55
25/05/2015,588.36,2210.59
26/05/2015,591.13,2195.46
27/05/2015,589.82,2200.51
28/05/2015,594.27,2188.44
29/05/2015,589.32,2190.77
02/06/2015,588.63,2160.58
03/06/2015,585.6,2170.15
04/06/2015,587.48,2184.58
05/06/2015,592.22,2211.67
08/06/2015,594.51,2210.32
09/06/2015,593.36,2183.16
10/06/2015,595.06,2204.71
11/06/2015,601.4,2222.84
12/06/2015,604.29,2208.72
15/06/2015,604.53,2196.76
16/06/2015,600.92,2199.62
17/06/2015,598.25,2219.25
18/06/2015,600.45,2206.39
19/06/2015,603.26,2178.61
22/06/2015,615.1,2201.09
23/06/2015,614.42,2199.25
24/06/2015,610.73,2224.93
25/06/2015,609.49,2226.41
26/06/2015,608.92,2223.14
29/06/2015,620.22,2214.67
30/06/2015,622.43,2200.29
02/07/2015,633.28,2179.19
03/07/2015,639.87,2175.92
06/07/2015,649.54,2150.27
07/07/2015,653.27,2165.28
08/07/2015,645.67,2141.95
09/07/2015,646.58,2147.54
10/07/2015,648.73,2168.81
13/07/2015,652.28,2176.38
14/07/2015,658.28,2171.7
15/07/2015,651.45,2168.09
16/07/2015,649.06,2161.86
17/07/2015,651.03,2158.11
20/07/2015,644.19,2139.03
21/07/2015,641.45,2110.86
22/07/2015,655.06,2112
23/07/2015,655.74,2104.06
24/07/2015,657.97,2091.44
27/07/2015,665.66,2052.29
28/07/2015,659.6,2051.06
29/07/2015,651.21,2065.87
31/07/2015,647.36,2102.63
03/08/2015,636.92,2104.12
04/08/2015,631.27,2085.86
05/08/2015,639.33,2091.64
06/08/2015,633.53,2079.49
07/08/2015,638.4,2075.12
10/08/2015,649.99,2059.9
11/08/2015,643.42,2037.91
13/08/2015,622.83,2034.25
14/08/2015,618.94,2048.83
17/08/2015,607.44,2038.66
18/08/2015,611.8,1980.69
19/08/2015,608.91,1988.2
20/08/2015,598.22,1975.32
21/08/2015,587.83,1965.9
24/08/2015,558.92,1865.2
25/08/2015,561,1908.51
26/08/2015,574.88,1900.57
27/08/2015,581.51,1964.28
28/08/2015,597.81,1978.56
31/08/2015,586.23,2005.52
01/09/2015,583.61,1969.81
02/09/2015,583.61,1988.17
03/09/2015,575.58,2004.17
04/09/2015,578.78,1980.31
07/09/2015,574.09,1979.32
08/09/2015,583.35,1992.69
09/09/2015,587.69,2022.25
10/09/2015,588.54,2019.99
11/09/2015,583.27,1994.18
14/09/2015,576,1986.03
15/09/2015,571.53,1976.2
16/09/2015,576.78,1995.24
17/09/2015,576.68,2008.85
18/09/2015,582.73,2006.92
21/09/2015,590.46,2012.17
22/09/2015,592.78,1988.34
23/09/2015,591.23,1979.06
24/09/2015,589.42,1975.16
25/09/2015,588.11,1982.87
28/09/2015,582.42,1941.57
29/09/2015,578.98,1934.48
30/09/2015,580.32,1934.18
01/10/2015,582.33,1930.43
02/10/2015,580.74,1933.11
05/10/2015,588.73,1961.6
06/10/2015,599.92,1975.08
07/10/2015,598.42,2018.09
08/10/2015,604.91,2015.09
09/10/2015,605.6,2046.6
12/10/2015,609.55,2047.14
13/10/2015,607.03,2036.41
14/10/2015,607.57,2023.97
15/10/2015,607.95,2057.23
16/10/2015,609.73,2048.19
19/10/2015,611.37,2042.98
20/10/2015,605.56,2041.61
21/10/2015,604.34,2037.64
22/10/2015,609.78,2038.42
26/10/2015,612.21,2053.33
27/10/2015,611.57,2053.63
28/10/2015,609.68,2028.96
29/10/2015,618.01,1999.74
30/10/2015,619.21,2004.97
02/11/2015,613.19,2038.48
03/11/2015,623.85,2034.75
04/11/2015,621.35,2052.51
05/11/2015,625.71,2034.79
06/11/2015,622.67,2036.38
09/11/2015,619.44,2015.94
10/11/2015,614.56,2005.79
11/11/2015,612.71,1994.11
12/11/2015,614.39,1984.96
13/11/2015,622.34,1981.98
16/11/2015,619.14,1992.41
17/11/2015,614.39,1991.72
18/11/2015,612.25,1970.07
19/11/2015,609.05,1982.79
20/11/2015,611.16,1997.84
23/11/2015,606.93,1997.59
24/11/2015,600.21,1980.66
25/11/2015,602.67,1975.29
26/11/2015,598.04,1951.43
27/11/2015,590.59,1946.91
30/11/2015,581.94,1939.44
01/12/2015,579.06,1938.77
02/12/2015,583.94,1911.53
03/12/2015,585.23,1917.47
04/12/2015,582.96,1905.44
08/12/2015,584.85,1864.29
09/12/2015,574.54,1850.54
11/12/2015,578.01,1822.72
14/12/2015,579.42,1805.39
15/12/2015,582.28,1856.19
16/12/2015,583.97,1852.47
17/12/2015,586.47,1866.13
18/12/2015,578.85,1823.59
21/12/2015,577.73,1789.59
22/12/2015,576.8,1789.86
23/12/2015,575.46,1809.36
24/12/2015,576.71,1822.47
25/12/2015,579.32,1820.06
28/12/2015,583.16,1821.51
29/12/2015,589.43,1815.05
30/12/2015,594.8,1821.66
04/01/2016,589.91,1780.42
05/01/2016,583.62,1762.26
06/01/2016,589.97,1772.95
07/01/2016,582.3,1713.68
08/01/2016,575.96,1747.08
11/01/2016,573.72,1730.99
12/01/2016,582.39,1766.41
13/01/2016,578.63,1805.03
14/01/2016,569.17,1776.88
15/01/2016,555.76,1742.13
18/01/2016,541.18,1738.22
19/01/2016,550.29,1776.14
20/01/2016,544.24,1744.3
21/01/2016,538.53,1740.99
22/01/2016,539.37,1779.32
25/01/2016,562.19,1779.56
26/01/2016,554.52,1779.84
27/01/2016,558.98,1797.27
28/01/2016,556.86,1816.76
29/01/2016,561.61,1841.76
01/02/2016,557.98,1834.26
02/02/2016,555.09,1812.13
03/02/2016,556.53,1823.8
04/02/2016,561.22,1832.91
05/02/2016,563.97,1848.41
08/02/2016,563.97,1844.35
09/02/2016,563.97,1836.34
10/02/2016,563.97,1837.64
11/02/2016,563.97,1801.03
12/02/2016,563.97,1797.29
15/02/2016,559.19,1815.92
16/02/2016,562.32,1818.25
17/02/2016,561.1,1817.6
18/02/2016,566.85,1831.68
19/02/2016,567.51,1876.96
23/02/2016,573.78,1886.25
24/02/2016,578.87,1894.1
25/02/2016,573.02,1894.52
26/02/2016,577.71,1912.22
29/02/2016,570.66,1894.89
01/03/2016,572.99,1921.78
02/03/2016,579.17,1952.57
03/03/2016,579.11,1973.7
04/03/2016,580.94,1971.53
07/03/2016,582.6,2001.89
08/03/2016,582.54,1964.32
09/03/2016,581.25,1992.29
10/03/2016,583.77,1968.81
11/03/2016,583.89,1993.59
14/03/2016,587.09,1993.42
15/03/2016,583.02,1973.41
16/03/2016,583.79,1962.04
17/03/2016,586.47,1968.3
18/03/2016,581.95,1972.96
21/03/2016,579.95,1992.18
22/03/2016,577.97,1998.39
23/03/2016,580.6,2022.73
24/03/2016,577.31,2011.83
25/03/2016,578.24,1991.67
28/03/2016,582.37,1982.02
29/03/2016,575.16,1988.23
30/03/2016,577.11,2016.08
31/03/2016,571.69,2010.71
01/04/2016,568.27,1996.95
04/04/2016,565.71,1994.33
05/04/2016,570.43,1946.93
07/04/2016,579.28,1916.74
08/04/2016,578.97,1937.72
11/04/2016,586.78,1935.33
12/04/2016,587.47,1960.83
18/04/2016,587.47,1982.82
19/04/2016,575.06,2012.09
20/04/2016,575.35,2008.1
21/04/2016,582.76,2020.3
22/04/2016,595.38,1997.9
25/04/2016,594.16,1994.25
26/04/2016,601.27,2011.68
27/04/2016,597.43,1998.25
28/04/2016,595.63,1978.35
29/04/2016,601.25,1987.58
03/05/2016,601.25,1977.27
04/05/2016,602.57,1966.81
09/05/2016,604.24,1975.68
10/05/2016,604.56,1968.32
11/05/2016,611.96,1952.99
12/05/2016,612.04,1984.71
13/05/2016,609.97,1977.1
16/05/2016,615.17,1984.24
17/05/2016,622.93,2003.46
18/05/2016,623.92,1993.5
19/05/2016,621.13,1970.02
23/05/2016,614.45,1965.42
24/05/2016,614.62,1968.28
25/05/2016,612.74,1988.77
26/05/2016,607.16,1994.76
27/05/2016,611,2013.76
30/05/2016,616.73,2033.18
31/05/2016,617.52,2033.74
01/06/2016,619.38,2016.99
02/06/2016,621.18,2028.17
03/06/2016,621.05,2049.48
06/06/2016,618.88,2058.84
07/06/2016,624.01,2058.41
08/06/2016,630.09,2062.75
09/06/2016,630.66,2043.62
10/06/2016,629.27,2033.24
13/06/2016,621.75,2018.79
14/06/2016,625.36,2029.67
15/06/2016,624.19,2040.36
16/06/2016,622.54,2001.38
17/06/2016,615.75,2017.13
20/06/2016,624.19,2019.83
21/06/2016,626.97,2034.04
22/06/2016,624.18,2024.98
23/06/2016,626.5,2047.62
24/06/2016,612.69,2005.21
27/06/2016,614.42,2019.52
28/06/2016,614.31,2038.17
29/06/2016,621.39,2046.24
30/06/2016,621.79,2050.79
04/07/2016,633.57,2067.24
05/07/2016,636.27,2057.59
06/07/2016,636.18,2060.07
07/07/2016,644.52,2064.59
08/07/2016,643.56,2064.05
11/07/2016,636.02,2086.71
12/07/2016,641.58,2098.5
13/07/2016,656.89,2104.28
14/07/2016,651.14,2122.5
15/07/2016,653.63,2126
20/07/2016,645.15,2158.3
21/07/2016,643.16,2145.97
22/07/2016,634.34,2157.72
25/07/2016,633.21,2160.31
26/07/2016,634.68,2146.51
27/07/2016,639.63,2163.85
28/07/2016,644.33,2176.73
29/07/2016,639.17,2172.09
01/08/2016,635.41,2152.76
02/08/2016,623.16,2127.88
03/08/2016,619.8,2144.82
04/08/2016,617.41,2144.87
05/08/2016,615.06,2163.19
08/08/2016,614.65,2206.34
09/08/2016,621.43,2213.57
10/08/2016,632.86,2213.34
11/08/2016,645.1,2219.43
15/08/2016,645.66,2214.67
16/08/2016,646.44,2196.93
17/08/2016,650.82,2187.35
18/08/2016,652.87,2211.58
19/08/2016,654.42,2197.81
22/08/2016,647.46,2199.06
23/08/2016,650.92,2198.66
24/08/2016,650.95,2209.76
25/08/2016,649.06,2205.7
26/08/2016,656.71,2214.28
29/08/2016,656.23,2206.32
30/08/2016,661.2,2209.24
31/08/2016,665.25,2211.03
01/09/2016,659.09,2199.53
02/09/2016,659.09,2168.33
05/09/2016,655.08,2128.01
06/09/2016,656.02,2132.27
07/09/2016,654.79,2116
08/09/2016,659.25,2073.4
09/09/2016,658.66,2057.75
12/09/2016,651.63,2006.32
13/09/2016,651.8,2065.04
14/09/2016,646.93,2079.35
15/09/2016,645.02,2083.24
16/09/2016,639.37,2109.74
19/09/2016,648.83,2129.32
20/09/2016,653.66,2099.01
21/09/2016,657.44,2120.41
22/09/2016,662.31,2150.09
23/09/2016,664.31,2129.41
26/09/2016,666.1,2123.37
27/09/2016,671.21,2121.79
28/09/2016,669.17,2107.35
29/09/2016,670.3,2126.37
30/09/2016,668.44,2112.87
03/10/2016,662.42,2126.07
04/10/2016,661.89,2156.17
05/10/2016,663.95,2154.79
06/10/2016,663.12,2158.13
07/10/2016,657.54,2143.91
10/10/2016,647.25,2073.56
11/10/2016,654.88,2048.3
12/10/2016,653.25,2000.16
13/10/2016,658.29,2020.39
14/10/2016,657.59,2109.65
17/10/2016,650.46,2104.44
18/10/2016,653.32,2100.78
19/10/2016,659.39,2110.48
20/10/2016,657.15,2120.7
21/10/2016,655.17,2129.42
25/10/2016,644.91,2136.91
26/10/2016,641.81,2113.13
27/10/2016,644.18,2120.14
28/10/2016,649.27,2113.9
31/10/2016,644.22,2111.5
01/11/2016,643.05,2123.7
02/11/2016,636.54,2111.99
03/11/2016,632.81,2101.05
04/11/2016,632.54,2088.7
07/11/2016,639.91,2115.5
08/11/2016,642.01,2129.56
09/11/2016,635.42,2127.36
10/11/2016,641.9,2133.55
11/11/2016,642,2104.49
14/11/2016,634.13,2061.13
15/11/2016,637.51,2074.32
16/11/2016,638.72,2069.81
17/11/2016,636.02,2072.14
18/11/2016,634.35,2069.79
21/11/2016,638.87,2074.46
22/11/2016,643.76,2087.34
23/11/2016,647.59,2104.48
24/11/2016,647.47,2093.05
25/11/2016,643.38,2110.11
28/11/2016,630.62,2110.3
29/11/2016,625.78,2104.93
30/11/2016,631.89,2129.23
01/12/2016,631.55,2135.62
02/12/2016,629.64,2119.67
06/12/2016,616.26,2142.41
07/12/2016,615,2148.59
08/12/2016,619.45,2154.39
09/12/2016,619.64,2155.95
13/12/2016,606.71,2161.96
14/12/2016,615.26,2147.42
15/12/2016,613.25,2141.16
16/12/2016,621.04,2142.76
19/12/2016,623.85,2144.92
20/12/2016,616.74,2132.36
21/12/2016,618.43,2124.6
22/12/2016,618.35,2119.89
23/12/2016,620.75,2126.62
26/12/2016,621.73,2136.06
27/12/2016,623.46,2137.89
28/12/2016,624.83,2149.57
29/12/2016,626.95,2170.38
30/12/2016,628.21,2178.19
04/01/2017,632.7,2212.46
05/01/2017,634.83,2223.24
06/01/2017,636.34,2220.84
09/01/2017,638.4,2208.77
10/01/2017,639.36,2221.86
11/01/2017,643.39,2220.8
12/01/2017,642.25,2214.62
13/01/2017,640.07,2222.81
16/01/2017,632.7,2215.41
17/01/2017,637.54,2208.43
18/01/2017,633.1,2199.26
19/01/2017,631,2190.84
20/01/2017,634.28,2201.72
23/01/2017,635.42,2210.52
24/01/2017,639.32,2226.47
25/01/2017,644.79,2238
26/01/2017,644.79,2251.19
27/01/2017,644.79,2247.56
30/01/2017,644.79,2246.33
31/01/2017,644.79,2223.16
01/02/2017,644.79,2225.06
02/02/2017,652.98,2218.27
03/02/2017,651.18,2236.36
06/02/2017,654.03,2248.63
07/02/2017,656.48,2237.35
08/02/2017,657.97,2248.1
09/02/2017,658.83,2237.23
10/02/2017,658.78,2241.24
14/02/2017,663.43,2217.4
15/02/2017,669.08,2221.26
16/02/2017,667.72,2227.16
17/02/2017,668.1,2231.33
20/02/2017,667.56,2233.05
21/02/2017,671.52,2213.02
22/02/2017,668.61,2226.59
23/02/2017,667.42,2217.62
24/02/2017,661.81,2214.21
27/02/2017,666.22,2202.09
28/02/2017,657.95,2207.93
01/03/2017,655.99,2223.89
02/03/2017,653.76,2225.38
03/03/2017,656.77,2219.06
06/03/2017,658.61,2200.65
07/03/2017,659.9,2196.78
08/03/2017,662.48,2207.2
09/03/2017,664.3,2201.89
10/03/2017,663.49,2190.42
13/03/2017,662.67,2191.83
14/03/2017,665.46,2199.77
15/03/2017,663.57,2197.4
16/03/2017,668.07,2222.34
17/03/2017,668.35,2226.73
20/03/2017,676.02,2229.02
21/03/2017,679.69,2237.88
22/03/2017,677.96,2233.7
23/03/2017,689.32,2235.53
24/03/2017,691.76,2245.69
27/03/2017,693.49,2239.48
28/03/2017,688.31,2251.25
29/03/2017,689.91,2246.26
30/03/2017,692.5,2255.19
31/03/2017,693.22,2244.58
03/04/2017,696.73,2252.42
04/04/2017,699.07,2255.67
05/04/2017,691.07,2254.4
07/04/2017,697.62,2259.11
10/04/2017,696.72,2257.59
11/04/2017,697.93,2259.22
12/04/2017,692.4,2271.25
17/04/2017,669.31,2250.03
18/04/2017,675.71,2246.26
19/04/2017,679.69,2236.09
20/04/2017,674.3,2237.76
21/04/2017,672.6,2242.98
24/04/2017,667.08,2234.46
25/04/2017,668.58,2234.59
26/04/2017,673.53,2242.91
27/04/2017,681.36,2240.18
28/04/2017,680.49,2237.96
02/05/2017,680.49,2235.36
03/05/2017,684.99,2236.25
04/05/2017,686.29,2248.85
05/05/2017,684.17,2244.48
08/05/2017,681.11,2243.63
09/05/2017,688.08,2233.55
11/05/2017,691.02,2222.68
12/05/2017,690.84,2209.95
15/05/2017,695.22,2203.88
16/05/2017,692.91,2215.46
17/05/2017,696.37,2216.45
18/05/2017,695.3,2210.04
19/05/2017,702.03,2214.62
22/05/2017,710.86,2225.7
23/05/2017,708.62,2234.98
24/05/2017,718.28,2236.58
25/05/2017,716.4,2239.22
26/05/2017,718.87,2238.36
29/05/2017,722.26,2237.57
30/05/2017,711.48,2236.99
31/05/2017,713.43,2225.59
01/06/2017,719.76,2227.45
02/06/2017,718.33,2234.11
05/06/2017,721.74,2230.87
06/06/2017,732.69,2236
07/06/2017,737.18,2232.04
08/06/2017,737.52,2238.32
09/06/2017,740.2,2230.85
12/06/2017,736.86,2225.09
13/06/2017,741.39,2238.83
14/06/2017,745.53,2244.99
15/06/2017,746.59,2238.08
16/06/2017,750.07,2242.16
19/06/2017,757.5,2249.19
20/06/2017,759.67,2246.28
21/06/2017,759.84,2243.39
22/06/2017,757.94,2248.92
23/06/2017,758.24,2251.44
26/06/2017,760.8,2254.64
27/06/2017,755.07,2258
28/06/2017,757.1,2252.21
29/06/2017,761.21,2245.46
30/06/2017,765.41,2241.46
03/07/2017,765.8,2251.2
04/07/2017,763.92,2242.3
05/07/2017,765.87,2243.15
06/07/2017,770.58,2235.52
07/07/2017,761.61,2233.72
11/07/2017,752.75,2232.75
12/07/2017,757.57,2241.19
13/07/2017,761.36,2247.6
14/07/2017,759.97,2246.7
17/07/2017,745.59,2240.8
18/07/2017,741.32,2238.6
19/07/2017,737.77,2246.87
20/07/2017,736.64,2243.43
21/07/2017,728.47,2241.75
24/07/2017,729.54,2248.07
25/07/2017,737.93,2256.65
26/07/2017,745.79,2259.83
27/07/2017,743.7,2258.43
31/07/2017,756.24,2250.61
01/08/2017,758.36,2250.5
02/08/2017,756.04,2255.36
03/08/2017,757.88,2250.54
04/08/2017,761.44,2249.34
07/08/2017,763.08,2241.68
08/08/2017,758.42,2247.69
09/08/2017,741.36,2239.75
10/08/2017,743.42,2242.08
11/08/2017,744.99,2227.91
15/08/2017,746.07,2237.55
16/08/2017,749.37,2237.6
17/08/2017,743.2,2237.91
18/08/2017,744.3,2234.31
21/08/2017,743.66,2239.95
22/08/2017,738.2,2246.02
23/08/2017,743.1,2246.06
24/08/2017,747.72,2250.85
25/08/2017,751.14,2249.52
28/08/2017,758.02,2265.82
29/08/2017,754.59,2316.31
30/08/2017,764.57,2316.18
31/08/2017,770.08,2318.99
01/09/2017,774.06,2319.78
04/09/2017,774.06,2320.76
05/09/2017,777.02,2321.17
06/09/2017,776.97,2321.87
07/09/2017,779.2,2339.74
08/09/2017,784.74,2348.09
11/09/2017,779.58,2350.1
12/09/2017,782.54,2357.67
13/09/2017,786.43,2355.67
14/09/2017,789.41,2383.11
15/09/2017,789.49,2387.72
18/09/2017,793.7,2406.32
19/09/2017,792.68,2410.78
20/09/2017,790.48,2404.73
21/09/2017,786.41,2401.3
22/09/2017,789.7,2381.84
25/09/2017,789.89,2395.93
26/09/2017,791.05,2399.1
27/09/2017,788.31,2401.45
28/09/2017,790.75,2392.24
29/09/2017,792.72,2401.29
02/10/2017,790.7,2428.27
03/10/2017,787.02,2428.83
04/10/2017,795.76,2420.98
05/10/2017,797.42,2424.25
06/10/2017,800.42,2432.18
09/10/2017,801.49,2428.34
10/10/2017,805.3,2455.07
11/10/2017,806.83,2467.25
12/10/2017,809.6,2463.5
16/10/2017,811.85,2486.83
17/10/2017,818.48,2485.22
18/10/2017,816.84,2457.92
19/10/2017,817.39,2418.25
20/10/2017,813.99,2430.09
24/10/2017,815.24,2442.48
25/10/2017,821.45,2451.92
27/10/2017,834.91,2460.6
30/10/2017,837.52,2465.16
31/10/2017,831.62,2468.42
01/11/2017,835.38,2455.79
02/11/2017,827.66,2435.91
03/11/2017,840.04,2434.04
06/11/2017,844.73,2451.71
07/11/2017,846.03,2453.06
08/11/2017,853.57,2455.23
09/11/2017,853.05,2438.23
10/11/2017,858.55,2417.39
13/11/2017,868.11,2416.99
14/11/2017,871.08,2442.71
15/11/2017,877.58,2424.25
16/11/2017,890.01,2426.03
17/11/2017,887.41,2454.49
20/11/2017,899.31,2460.19
21/11/2017,910.54,2457.42
22/11/2017,922.18,2462.78
23/11/2017,922.92,2454.76
24/11/2017,926.21,2438.28
27/11/2017,930.9,2439.55
28/11/2017,935.74,2455.67
29/11/2017,946.55,2455.09
30/11/2017,943.05,2442.03
01/12/2017,952.46,2446.76
04/12/2017,966.44,2447.59
06/12/2017,939.06,2446.56
07/12/2017,928.74,2461.71
08/12/2017,930.25,2467.12
12/12/2017,914.82,2464.89
13/12/2017,913.33,2471.85
14/12/2017,928.21,2488.4
15/12/2017,926.7,2491.91
18/12/2017,950.81,2501.22
19/12/2017,947.62,2511.85
20/12/2017,948.78,2520.65
21/12/2017,936.53,2518.01
22/12/2017,945.88,2526.22
25/12/2017,949.28,2541.27
26/12/2017,955.73,2543.51
27/12/2017,958.02,2545.45
28/12/2017,966.91,2528.73
29/12/2017,975.52,2543.08
03/01/2018,1004.66,2587.44
04/01/2018,1014.15,2610.83
05/01/2018,1007.73,2610.72
08/01/2018,1023.5,2601.54
09/01/2018,1039.64,2606.41
10/01/2018,1039.7,2603.91
11/01/2018,1047.2,2617.3
12/01/2018,1049.86,2628.76
15/01/2018,1063.11,2654.35
16/01/2018,1061.78,2651.92
17/01/2018,1030,2659.07
18/01/2018,1048.56,2643.47
19/01/2018,1053.47,2644.86
22/01/2018,1082.71,2649.35
23/01/2018,1082.71,2662.2
24/01/2018,1082.71,2670.5
25/01/2018,1095.52,2639.51
26/01/2018,1104.42,2655.83
29/01/2018,1096.78,2669.7
30/01/2018,1099.16,2651.2
31/01/2018,1095.9,2650.17
01/02/2018,1086.9,2660.58
02/02/2018,1090.4,2651.42
05/02/2018,1035.02,2622.78
06/02/2018,1007.72,2591.37
07/02/2018,1030.91,2586.06
08/02/2018,1013.56,2584.99
09/02/2018,996.77,2580.5
12/02/2018,1034.76,2600.37
13/02/2018,1054.09,2601.16
14/02/2018,1054.09,2588.35
15/02/2018,1054.09,2604.77
16/02/2018,1054.09,2612.77
19/02/2018,1054.09,2618.73
20/02/2018,1054.09,2604.23
21/02/2018,1075.47,2610.04
22/02/2018,1064.28,2600.22
23/02/2018,1089.96,2630.51
26/02/2018,1099.71,2677.39
27/02/2018,1106.09,2674.53
28/02/2018,1108.23,2672.01
02/03/2018,1106.92,2643.32
05/03/2018,1080.83,2634.33
06/03/2018,1103.31,2618.05
07/03/2018,1092.17,2590.87
08/03/2018,1105.03,2589.48
09/03/2018,1106.54,2592.45
12/03/2018,1106.97,2631.89
13/03/2018,1111.38,2644.36
14/03/2018,1115,2646.39
15/03/2018,1110.26,2647.92
16/03/2018,1112.93,2639.98
19/03/2018,1130.26,2620.69
20/03/2018,1134.19,2619.49
21/03/2018,1147.26,2618.69
22/03/2018,1144.58,2615.7
23/03/2018,1128.93,2614.05
26/03/2018,1146.73,2628.16
27/03/2018,1150.3,2629.68
28/03/2018,1151.09,2606.58
29/03/2018,1144.74,2577.01
30/03/2018,1153.08,2591.88
02/04/2018,1171.21,2601.96
03/04/2018,1160.97,2577.69
04/04/2018,1165.75,2512.48
05/04/2018,1169.12,2537.75
09/04/2018,1177.68,2560.25
10/04/2018,1168.06,2574.19
11/04/2018,1137.2,2574.78
12/04/2018,1143.5,2579.09
17/04/2018,1130.32,2560.07
18/04/2018,1115.7,2589.39
19/04/2018,1066.09,2628.7
20/04/2018,1089.45,2640.07
23/04/2018,1055.37,2620.45
24/04/2018,1053.99,2617.63
25/04/2018,1053.99,2603.36
26/04/2018,1018.97,2592.55
27/04/2018,1027.97,2604.12
30/04/2018,1027.97,2606.47
02/05/2018,1012.84,2626.54
03/05/2018,1010.35,2625.35
04/05/2018,1010.89,2606.06
07/05/2018,1048.03,2606.54
08/05/2018,1047.83,2574.06
09/05/2018,1046.39,2568.96
10/05/2018,1019.69,2554.19
11/05/2018,1030.79,2585.34
14/05/2018,1051.45,2596.64
15/05/2018,1055.49,2588.73
16/05/2018,1034.3,2562.53
17/05/2018,1007.09,2566.99
18/05/2018,1022.21,2572.13
21/05/2018,997.21,2594.19
22/05/2018,958.95,2582.72
23/05/2018,968.54,2566.61
24/05/2018,960.55,2531.84
25/05/2018,936.32,2547.09
28/05/2018,898,2536.59
30/05/2018,918.64,2519.48
31/05/2018,947.31,2522.98
01/06/2018,969.15,2509.37
04/06/2018,996.67,2512.41
05/06/2018,1007.32,2531.94
06/06/2018,1022.72,2542.21
07/06/2018,1026.75,2532.24
08/06/2018,1025.87,2510.86
11/06/2018,1024.85,2513.04
12/06/2018,1008.76,2520
13/06/2018,1018.59,2504.58
14/06/2018,1004.31,2488.91
15/06/2018,1005.04,2481.53
18/06/2018,970.35,2441.42
19/06/2018,945.11,2377.58
20/06/2018,966.86,2418.62
21/06/2018,955.75,2369.84
22/06/2018,973.05,2373.68
25/06/2018,982.09,2353.52
26/06/2018,973.9,2359.78
27/06/2018,961.29,2349.63
28/06/2018,947.03,2323.52
29/06/2018,947.55,2320.82
02/07/2018,930.12,2339.76
03/07/2018,891.97,2368.74
04/07/2018,900.89,2374.11
05/07/2018,883.77,2331.83
06/07/2018,905.62,2352.75
09/07/2018,898.73,2366.75
10/07/2018,897.96,2400.6
11/07/2018,881.14,2387.04
12/07/2018,883.87,2391.23
13/07/2018,899.45,2393.33
16/07/2018,904.18,2369.64
17/07/2018,915.53,2367.09
18/07/2018,935.42,2385.79
19/07/2018,941.09,2404.23
20/07/2018,926.5,2444.41
23/07/2018,931.31,2453.31
24/07/2018,923.53,2451.04
25/07/2018,915.68,2475.9
26/07/2018,921.33,2494.53
31/07/2018,944.38,2495.73
01/08/2018,939.31,2529.93
02/08/2018,937.86,2506.53
03/08/2018,941.12,2511.43
06/08/2018,939.84,2484.97
07/08/2018,936.92,2502.93
08/08/2018,945.89,2525.48
09/08/2018,943.91,2526.11
10/08/2018,948.32,2498.7
14/08/2018,965.6,2485.01
15/08/2018,947.82,2452.61
16/08/2018,950.18,2461.71
17/08/2018,949.23,2474.51
20/08/2018,945.65,2493.93
21/08/2018,955.27,2481.8
22/08/2018,959.63,2489.41
23/08/2018,960.94,2501.16
24/08/2018,960.42,2498.54
27/08/2018,966.55,2520.48
28/08/2018,971.01,2522.71
29/08/2018,964.99,2529.73
30/08/2018,975.43,2522.92
31/08/2018,969.23,2524.74
03/09/2018,969.23,2522.68
04/09/2018,951.14,2510.49
05/09/2018,941,2465.83
06/09/2018,932.12,2476.99
07/09/2018,945.59,2469.24
10/09/2018,943.31,2471.3
11/09/2018,958.91,2437.86
12/09/2018,958.67,2448.71
13/09/2018,957.17,2516.09
14/09/2018,960.33,2522.25
17/09/2018,953.79,2515.7
18/09/2018,959.75,2558.65
19/09/2018,962.7,2568.04
20/09/2018,971.18,2572.49
21/09/2018,974.43,2579.13
24/09/2018,985.59,2567.04
25/09/2018,985.11,2567.36
26/09/2018,984.39,2568.27
27/09/2018,989.45,2574.43
28/09/2018,994.73,2578.35
01/10/2018,990.41,2583.34
02/10/2018,987.88,2561.9
03/10/2018,990.6,2552.49
04/10/2018,993.61,2531.87
05/10/2018,980.75,2516.13
08/10/2018,970.28,2478.4
09/10/2018,967.37,2480.41
10/10/2018,966.27,2521.47
11/10/2018,920.02,2457.88
12/10/2018,943.49,2479.09
16/10/2018,939.41,2480.69
17/10/2018,945.91,2476.75
18/10/2018,937.54,2457.88
19/10/2018,931.69,2434.98
22/10/2018,922.75,2423.67
24/10/2018,896.5,2366.35
25/10/2018,888.86,2401.83
26/10/2018,881.06,2374.16
29/10/2018,874.43,2387.97
30/10/2018,874.06,2390.35
31/10/2018,901.57,2443.28
01/11/2018,887.72,2439.17
02/11/2018,903.43,2461.43
05/11/2018,904.83,2444.53
06/11/2018,899.61,2442.55
07/11/2018,899.25,2453.82
08/11/2018,900.4,2464.12
09/11/2018,885.65,2441.47
12/11/2018,888.2,2420.86
13/11/2018,873.87,2430.97
14/11/2018,871.55,2418.67
15/11/2018,864.98,2399.13
16/11/2018,869.24,2393.11
19/11/2018,888.76,2396.88
20/11/2018,893.09,2360.13
21/11/2018,897.1,2368.59
22/11/2018,898.9,2348.46
23/11/2018,890.62,2376.49
26/11/2018,895.05,2391.89
27/11/2018,895.3,2397.2
28/11/2018,901.4,2406.91
29/11/2018,897.58,2401.14
30/11/2018,894.79,2409.21
03/12/2018,921.72,2465.17
04/12/2018,927.46,2466.17
06/12/2018,922.86,2435.17
07/12/2018,929.59,2427.79
11/12/2018,922.34,2399.13
12/12/2018,927.7,2402.04
13/12/2018,928.9,2369.2
14/12/2018,918.79,2361.25
17/12/2018,901.41,2352.17
18/12/2018,890.68,2324.48
19/12/2018,882.79,2353.43
20/12/2018,877.03,2345.88
21/12/2018,873.09,2345.91
24/12/2018,873.64,2339.72
25/12/2018,865.69,2284.21
26/12/2018,861.02,2285.55
27/12/2018,865.45,2269.94
28/12/2018,854.99,2293.11
02/01/2019,855.66,2297.28
03/01/2019,838.79,2286.56
04/01/2019,840.17,2313.22
07/01/2019,851.41,2342.71
08/01/2019,845.43,2343.15
09/01/2019,855.51,2338.13
10/01/2019,857.95,2333.95
11/01/2019,860.3,2347.64
14/01/2019,859.42,2322.79
15/01/2019,865.1,2312.6
16/01/2019,864.29,2314.64
17/01/2019,853.34,2318.6
18/01/2019,854.79,2323.69
21/01/2019,864.1,2331.71
22/01/2019,859.17,2354.34
23/01/2019,861.73,2377.71
24/01/2019,865.52,2380.28
25/01/2019,867.7,2385.83
28/01/2019,868.76,2386.72
29/01/2019,872.03,2386.18
30/01/2019,869.16,2397.96
31/01/2019,866.06,2411.25
01/02/2019,859.81,2426.47
04/02/2019,859.81,2429.06
05/02/2019,859.81,2428.2
06/02/2019,859.81,2435.25
07/02/2019,859.81,2427.79
08/02/2019,859.81,2425.61
11/02/2019,878.67,2403.36
12/02/2019,888.33,2409.33
13/02/2019,897.42,2431.9
14/02/2019,900.12,2425.84
15/02/2019,897.74,2399.38
18/02/2019,904.93,2397.33
20/02/2019,911.8,2413.94
21/02/2019,926.09,2416.73
22/02/2019,929.5,2436.52
25/02/2019,939.47,2457.57
26/02/2019,929.51,2443.33
27/02/2019,930.54,2446.6
28/02/2019,904.98,2425.16
01/03/2019,915.32,2405.95
04/03/2019,928.42,2395.86
05/03/2019,923.66,2401.49
06/03/2019,923.58,2379.17
07/03/2019,922.29,2392.53
08/03/2019,914.74,2386.43
11/03/2019,916.24,2380.07
12/03/2019,929.86,2380.12
13/03/2019,935.41,2400.48
14/03/2019,934.42,2395.5
15/03/2019,927.06,2380.23
18/03/2019,932.75,2367.28
19/03/2019,927.56,2388.01
20/03/2019,924.12,2383.74
21/03/2019,907.87,2395.5
22/03/2019,912.27,2418.15
25/03/2019,893.4,2384.14
26/03/2019,894.58,2395.02
27/03/2019,901.76,2388.53
28/03/2019,901.65,2395.51
29/03/2019,900.13,2401.55
01/04/2019,905.87,2412.1
02/04/2019,903.59,2423.57
03/04/2019,901.5,2419.8
04/04/2019,904.33,2411.09
05/04/2019,904.69,2413.92
09/04/2019,900.07,2434.16
10/04/2019,893.19,2441.85
11/04/2019,896.04,2435.43
12/04/2019,893.1,2436.8
17/04/2019,885.66,2455.97
18/04/2019,877.02,2460.21
19/04/2019,880.52,2458.75
22/04/2019,878.23,2459.28
23/04/2019,878.29,2454.82
24/04/2019,888.65,2458.54
25/04/2019,885.65,2456.97
26/04/2019,890.55,2446.3
29/04/2019,890.55,2445.34
30/04/2019,890.55,2458.06
02/05/2019,893.87,2467.76
03/05/2019,895.42,2468.28
07/05/2019,877.02,2451.69
08/05/2019,872.78,2427.15
09/05/2019,871.5,2414.63
10/05/2019,876.45,2418.46
13/05/2019,879.64,2406.23
14/05/2019,882.67,2397.57
15/05/2019,893.22,2378.73
16/05/2019,891.93,2367.81
17/05/2019,890.53,2355.8
21/05/2019,901.36,2360.55
22/05/2019,897.66,2387.91
23/05/2019,895.07,2359.77
24/05/2019,884.48,2365.25
27/05/2019,889.2,2381.69
28/05/2019,885.27,2396.62
29/05/2019,883.52,2375.33
30/05/2019,883.37,2380.36
31/05/2019,876.29,2377.12
04/06/2019,864.35,2406.78
05/06/2019,863.69,2423.48
06/06/2019,861.31,2429.53
07/06/2019,869.56,2427.26
10/06/2019,872.49,2445.71
11/06/2019,870.91,2455.33
12/06/2019,865.42,2453.73
13/06/2019,859.68,2456.89
14/06/2019,861.65,2453.31
17/06/2019,852.99,2445.42
18/06/2019,848.17,2474.04
19/06/2019,854.34,2512.62
20/06/2019,864.59,2532.36
21/06/2019,866.53,2527.36
24/06/2019,868.94,2525.71
25/06/2019,868.5,2535.07
26/06/2019,866.81,2534.88
27/06/2019,854.41,2550.03
28/06/2019,864.24,2546.22
01/07/2019,876.26,2564.91
02/07/2019,872.92,2548.75
03/07/2019,869.58,2555.98
04/07/2019,879.72,2531.33
05/07/2019,880.23,2541.72
08/07/2019,870.92,2538.21
09/07/2019,872.21,2519.06
10/07/2019,876.12,2549.75
11/07/2019,879.1,2548.83
12/07/2019,874.99,2535.51
15/07/2019,873.71,2533.15
17/07/2019,879.75,2523.95
18/07/2019,870.81,2528.85
19/07/2019,880.79,2546.55
22/07/2019,879.62,2530.87
23/07/2019,888.26,2527.19
24/07/2019,887.39,2525.07
25/07/2019,890.41,2532.25
26/07/2019,887.84,2510.25
30/07/2019,877.92,2495.67
31/07/2019,883.19,2505.76
01/08/2019,887.39,2486.96
02/08/2019,885.29,2462.03
05/08/2019,872.39,2430.3
06/08/2019,866.13,2439.81
07/08/2019,868.27,2436.73
08/08/2019,875.81,2427.87
09/08/2019,878.62,2405.17
13/08/2019,877.97,2355.84
14/08/2019,880.51,2357.36
15/08/2019,890.78,2335.62
16/08/2019,892.44,2379.08
19/08/2019,891.78,2387.99
20/08/2019,894.45,2367.37
21/08/2019,900.54,2390.14
22/08/2019,901.29,2383.46
23/08/2019,900.53,2406.15
26/08/2019,892.48,2367.14
27/08/2019,886.91,2353.67
28/08/2019,886.08,2357.06
29/08/2019,889.13,2396.04
30/08/2019,892.51,2423.44
02/09/2019,892.51,2420.85
03/09/2019,888.97,2400.58
04/09/2019,887.12,2429.62
05/09/2019,886.1,2448.85
06/09/2019,885.95,2448.89
09/09/2019,885.61,2450.79
10/09/2019,883.04,2443.8
11/09/2019,885.52,2460.53
12/09/2019,894.32,2436.35
13/09/2019,905.05,2437.4
16/09/2019,908.6,2439.94
17/09/2019,912.38,2442.14
18/09/2019,913.48,2425.59
19/09/2019,918.88,2401.68
20/09/2019,915.16,2396.38
23/09/2019,909.98,2374.28
24/09/2019,910.76,2387.58
25/09/2019,912.42,2382.8
26/09/2019,918.1,2398.38
27/09/2019,924.83,2411.31
30/09/2019,922.89,2400.84
01/10/2019,926.31,2378.91
02/10/2019,919.73,2361.92
03/10/2019,921.7,2357.87
04/10/2019,915.16,2351.32
07/10/2019,907.5,2364.98
08/10/2019,915.27,2362.04
09/10/2019,914.54,2370.9
10/10/2019,913.05,2353.98
11/10/2019,916.68,2387.18
15/10/2019,923.27,2389.53
16/10/2019,924.64,2402.36
17/10/2019,919.1,2400.11
18/10/2019,919.13,2396.43
21/10/2019,914,2379.44
22/10/2019,916.81,2397.76
24/10/2019,925.25,2383.98
25/10/2019,927.05,2341.7
28/10/2019,925.97,2350.43
29/10/2019,923.97,2341.33
30/10/2019,925.07,2361.23
31/10/2019,922.68,2357.61
01/11/2019,933.55,2344.43
04/11/2019,940.25,2396.76
05/11/2019,942.34,2405.5
06/11/2019,942.38,2399.67
07/11/2019,944.25,2429.15
08/11/2019,944.7,2424.4
11/11/2019,939.72,2399.43
12/11/2019,939.82,2404.57
13/11/2019,932.6,2386.49
14/11/2019,928.44,2379.09
15/11/2019,927.36,2369.79
18/11/2019,920.95,2379.7
19/11/2019,926.07,2377.18
20/11/2019,917,2359.15
21/11/2019,898.23,2352.75
22/11/2019,892.31,2362.57
25/11/2019,894.8,2390.39
26/11/2019,897.5,2379.61
27/11/2019,895.06,2378.94
28/11/2019,885.7,2363.08
29/11/2019,887.47,2349.32
02/12/2019,875.1,2315.59
03/12/2019,868.68,2314.38
04/12/2019,883.56,2311.64
06/12/2019,880.43,2302.17
09/12/2019,879.94,2297.62
11/12/2019,878.27,2299.91
12/12/2019,884.8,2321.8
13/12/2019,880.55,2340.75
16/12/2019,876.65,2300.78
17/12/2019,867.44,2301.66
18/12/2019,863.16,2327.73
19/12/2019,862.23,2341.4
20/12/2019,868.37,2338.17
23/12/2019,868.2,2340.28
24/12/2019,869.88,2331.24
25/12/2019,873.18,2337.13
26/12/2019,872.07,2344.83
27/12/2019,876.38,2342.05
30/12/2019,880.29,2342.21
02/01/2020,886.88,2368.91
03/01/2020,883.28,2365.86
06/01/2020,872.34,2325.75
07/01/2020,876.7,2351.25
08/01/2020,865.18,2309.88
09/01/2020,877.76,2341.48
10/01/2020,885.52,2341.72
13/01/2020,881.79,2348.98
14/01/2020,884.77,2349.12
15/01/2020,885.36,2336.78
16/01/2020,891.96,2360.09
17/01/2020,894.84,2366.43
20/01/2020,897.4,2345.03
21/01/2020,906.52,2321.83
22/01/2020,909.09,2321.48
23/01/2020,909.09,2320.9
24/01/2020,909.09,2315.58
27/01/2020,909.09,2238.95
28/01/2020,909.09,2222.63
29/01/2020,909.09,2243.29
30/01/2020,875.82,2240.05
31/01/2020,848.63,2225.62
03/02/2020,842.67,2198.82
04/02/2020,845.52,2237.92
05/02/2020,845.31,2259.9
06/02/2020,862.86,2259.86
07/02/2020,863.49,2257.67
11/02/2020,856.39,2238.11
12/02/2020,863.23,2265.29
13/02/2020,864.16,2251.1
14/02/2020,865.86,2241.63
17/02/2020,866.27,2249.17
18/02/2020,861.71,2226.94
19/02/2020,863.84,2216.85
20/02/2020,871.4,2193.65
21/02/2020,868.89,2201.09
24/02/2020,837.4,2109.99
25/02/2020,849.58,2120.87
26/02/2020,841.68,2009.72
27/02/2020,848.34,2056.39
28/02/2020,831.97,1969.26
02/03/2020,835.42,1966.02
03/03/2020,837.99,2030.75
04/03/2020,837.99,2033.22
05/03/2020,839.12,2048.82
06/03/2020,835.97,2004.37
09/03/2020,782.85,1822.83
10/03/2020,789.51,1848.86
11/03/2020,758.16,1813.25
12/03/2020,719.21,1599.98
13/03/2020,716.65,1641.89
16/03/2020,698.18,1511.41
17/03/2020,699.73,1494.37
18/03/2020,700.65,1515.84
19/03/2020,679.55,1512.46
20/03/2020,673.7,1651.4
23/03/2020,632.86,1484.85
24/03/2020,625.43,1505.34
25/03/2020,652.31,1583.89
26/03/2020,646.7,1603.71
27/03/2020,642.23,1610.9
30/03/2020,613.02,1589.79
31/03/2020,610.76,1648.71
01/04/2020,628.79,1614.84
02/04/2020,628.79,1672.52
03/04/2020,649.15,1671.79
07/04/2020,693.61,1798.92
08/04/2020,691.17,1780.5
09/04/2020,697.85,1785.34
10/04/2020,695.74,1812.02
13/04/2020,706.37,1823.12
14/04/2020,713.81,1851.77
15/04/2020,722.8,1815.18
16/04/2020,726.57,1755.73
17/04/2020,734.98,1823.48
20/04/2020,736.31,1868.81
21/04/2020,706.65,1843.07
22/04/2020,714.42,1856.46
23/04/2020,717.49,1869.26
24/04/2020,725.05,1843.41
27/04/2020,719.66,1857.04
28/04/2020,715.74,1869.96
29/04/2020,715.33,1879.33
30/04/2020,715.33,1913.35
05/05/2020,711.01,1876.24
07/05/2020,739.98,1845.47
08/05/2020,760.15,1858.03
11/05/2020,777.13,1891.72
12/05/2020,782.45,1911.06
13/05/2020,783.69,1900.8
14/05/2020,780.73,1876.37
15/05/2020,773.95,1875.19
18/05/2020,787.27,1885.02
19/05/2020,799.31,1922.6
20/05/2020,803.32,1941.71
21/05/2020,815.55,1939.5
22/05/2020,803.14,1911.21
25/05/2020,807.25,1936.7
26/05/2020,815.01,1960.27
27/05/2020,801.36,1974.78
28/05/2020,804.06,1960.86
29/05/2020,806.23,1974.61
01/06/2020,821.47,1988.88
02/06/2020,818.7,2026.48
04/06/2020,823.77,2084.3
05/06/2020,826.47,2124.48
08/06/2020,838.52,2125.35
09/06/2020,837.02,2074.03
10/06/2020,839.11,2092.39
11/06/2020,806.87,2055.15
12/06/2020,807.76,2032
15/06/2020,778.71,1963.91
16/06/2020,798.82,2006.81
17/06/2020,796.43,2020.42
18/06/2020,797.08,2013.38
19/06/2020,808.28,2007.45
22/06/2020,809.97,1977.83
23/06/2020,807.61,1985.42
24/06/2020,801.62,1948.06
25/06/2020,796.51,1937.53
26/06/2020,795.53,1943.9
29/06/2020,774.81,1944.37
30/06/2020,770.53,1959.01
01/07/2020,786.82,1976.29
02/07/2020,785.59,2018.61
03/07/2020,789.87,2013.48
07/07/2020,805.68,2012.33
08/07/2020,805.06,1992.36
09/07/2020,817.08,1996.13
10/07/2020,809.02,1967.56
13/07/2020,806.17,1953.5
14/07/2020,805.37,1952.19
15/07/2020,810.16,1975.39
16/07/2020,819.83,1962.9
17/07/2020,814.16,1982.12
20/07/2020,803.36,1979.01
21/07/2020,804.7,2009.29
22/07/2020,797.85,1975.74
23/07/2020,800.29,1978.87
24/07/2020,772.29,1947.28
29/07/2020,735.16,1938.38
30/07/2020,746.02,1899.86
31/07/2020,740.73,1922.18
03/08/2020,757.86,1903.83
04/08/2020,768.22,1922.08
05/08/2020,780.71,1932.47
06/08/2020,781.6,1927.78
07/08/2020,782.15,1912.99
10/08/2020,784.3,1908.57
11/08/2020,784.57,1933.27
13/08/2020,795.09,1953.18
14/08/2020,791.98,1922.55
17/08/2020,791.54,1916.38
18/08/2020,786.95,1931.22
19/08/2020,789.41,1894.14
20/08/2020,786.11,1873.29
21/08/2020,793.6,1874.74
24/08/2020,809.69,1903.44
25/08/2020,815.18,1904.09
26/08/2020,812.36,1912.29
27/08/2020,814.55,1918.32
28/08/2020,821.93,1910.78
31/08/2020,823.93,1888.52
01/09/2020,832.03,1880.34
02/09/2020,832.03,1894.66
03/09/2020,843.64,1888.31
08/09/2020,827.57,1861.17
09/09/2020,824.42,1858.8
10/09/2020,825.85,1854.88
11/09/2020,825.56,1837.44
14/09/2020,832.24,1825
15/09/2020,833.33,1845.89
16/09/2020,834.5,1857.82
17/09/2020,831.84,1842.24
18/09/2020,841.26,1847.55
21/09/2020,851.54,1824
22/09/2020,852.72,1808.85
23/09/2020,858.3,1799.09
24/09/2020,853.21,1768.11
25/09/2020,854.71,1764.58
28/09/2020,863.31,1798.11
29/09/2020,856.2,1785.99
30/09/2020,858.54,1752.71
01/10/2020,867.58,1768.87
02/10/2020,861.51,1746.91
05/10/2020,867.7,1756.81
06/10/2020,871.37,1769.6
07/10/2020,870.85,1791.88
08/10/2020,869.82,1807.76
09/10/2020,874.53,1796.99
12/10/2020,874.9,1805.96
14/10/2020,892.15,1787.92
15/10/2020,899.2,1757.31
16/10/2020,901.59,1744.39
19/10/2020,903.51,1708
20/10/2020,909.49,1709.89
21/10/2020,906.1,1720.22
22/10/2020,918.3,1716.16
26/10/2020,919.56,1705.63
27/10/2020,915.46,1707.96
28/10/2020,888.88,1704.23
29/10/2020,886.68,1693.32
30/10/2020,892.55,1682.72
02/11/2020,899.27,1693.19
03/11/2020,902.14,1726.5
04/11/2020,905.48,1724.65
05/11/2020,903.64,1796.18
06/11/2020,902.91,1790.47
09/11/2020,917.42,1834.32
10/11/2020,916.5,1944.93
11/11/2020,916.68,1951.97
12/11/2020,923,1932.44
13/11/2020,931.2,1949.24
16/11/2020,915.97,1955.67
17/11/2020,934.65,1952.02
18/11/2020,937.67,1977.56
19/11/2020,944.92,1981.06
20/11/2020,950.89,2013.16
23/11/2020,960.03,2062.78
24/11/2020,959.61,2030.61
25/11/2020,960.63,2054.83
26/11/2020,964.16,2076.01
27/11/2020,971.11,2078.38
30/11/2020,965.89,2028.65
01/12/2020,976.35,2050.63
02/12/2020,979.95,2045.74
03/12/2020,985.44,2076.01
04/12/2020,984.34,2094.34
08/12/2020,993.61,2129.41
09/12/2020,1004.03,2131.9
14/12/2020,1024.28,2111.04
15/12/2020,1013.02,2114.59
16/12/2020,1029.72,2121.15
17/12/2020,1016.95,2120.24
18/12/2020,1036.65,2116.85
21/12/2020,1049.71,1992.04
22/12/2020,1052.23,2023.51
23/12/2020,1045.7,2000.37
24/12/2020,1033.95,2036.57
25/12/2020,1052.13,2056.64
28/12/2020,1054.23,2026.21
29/12/2020,1058.39,2066.08
30/12/2020,1059.16,2037.03
04/01/2021,1091.87,2068.37
05/01/2021,1104.3,2132.34
06/01/2021,1113.72,2105.23
07/01/2021,1130.59,2137.38
08/01/2021,1147.86,2178.64
11/01/2021,1163.4,2175.1
12/01/2021,1169.03,2178.47
13/01/2021,1164.57,2189.87
14/01/2021,1168.99,2170.26
15/01/2021,1182.2,2142.2
18/01/2021,1173.34,2125.84
19/01/2021,1107.32,2146.2
20/01/2021,1116.21,2135.64
21/01/2021,1151.3,2133.73
22/01/2021,1156.58,2109.83
25/01/2021,1154.29,2116.4
26/01/2021,1125.09,2134.45
27/01/2021,1083.63,2107.43
28/01/2021,1010.75,2061.99
29/01/2021,1048.31,2060.65
